,avatar_name,avatar_id
0,Avataricard01,132
1,Avataricard02,28373
2,Avataricard03,28374
3,Avataricard04,28375
4,Avataricard05,28376
5,Avataricard06,30085
6,Avataricard07,30086
7,Avataricard08,30087
8,Avataricard09,30088
9,Avataricard10,30089
10,Avataricard11,30090
11,Avataricard12,30091
12,Avataricard13,30092
13,Avataricard14,30093
14,Avataricard15,30094
15,Avataricard216,67236
16,Avataricard217,67237
17,Avataricard218,67238
18,Avataricard219,67239
19,Avataricard220,67240
20,Avataricard221,67241
21,Avataricard222,67242
22,Avataricard223,67243
23,Avataricard224,67244
24,Avataricard225,67245
25,Avataricard226,67246
26,Avataricard227,67247
27,Avataricard228,67248
28,Avataricard229,67249
29,Avataricard230,67250
30,Avataricard231,67251
31,Avataricard232,67252
32,Avataricard233,67253
33,Avataricard234,67254
34,Avataricard235,67255
35,Avataricard236,67256
36,Avataricard237,67257
37,Avataricard238,67258
38,Avataricard239,67259
39,Avataricard240,67260
40,Avataricard241,67261
41,Avataricard242,67262
42,Avataricard243,67263
43,Avataricard244,67264
44,Avataricard245,67265
45,Avataricard246,67266
46,Avataricard247,67267
47,Avataricard248,67268
48,Avataricard249,67269
49,Avataricard250,67270
50,Avataricard251,67271
51,Avataricard252,67272
52,Avataricard253,67273
53,Avataricard254,67274
54,Avataricard255,67275
55,Avataricard256,67276
56,Avataricard257,67277
57,Avataricard258,67278
58,Avataricard259,67279
59,Avataricard260,67280
60,Avataricard261,67281
61,Avataricard262,67282
62,Avataricard263,67283
63,Avataricard264,67284
64,Avataricard265,67285
65,Avataricard266,67286
66,Avataricard267,67287
67,Avataricard268,67288
68,Avataricard269,67289
69,Avataricard270,67290
70,Avataricard271,67291
71,Avataricard272,67292
72,Avataricard273,67293
73,Avataricard274,67294
74,Avataricard275,67295
75,Avataricard276,67296
76,Avataricard277,67297
77,Avataricard278,67298
78,Avataricard279,67299
79,Avataricard280,67300
80,Avataricard281,67301
81,Avataricard282,67302
82,Avataricard283,67303
83,Avataricard284,67304
84,Avataricard285,67305
85,Avataricard286,67306
86,Avataricard287,67307
87,Avataricard288,67308
88,Avataricard289,67309
89,Avataricard290,67310
90,Avataricard291,67311
91,Avataricard292,67312
92,Avataricard293,67313
93,Avataricard294,67314
94,Avataricard295,67315
95,Avataricard296,67316
96,Avataricard297,67317
97,Avataricard298,67318
98,Avataricard299,67319
99,Avataricard300,67320
100,Avataricard301,67321
101,Avataricard302,67322
102,Avataricard303,67323
103,Avataricard304,67324
104,Avataricard305,67325
105,Avataricard306,67326
106,Avataricard307,67327
107,Avataricard308,67328
108,Avataricard309,67329
109,Avataricard310,67330
110,Avataricard311,67331
111,Avataricard312,67332
112,Avataricard313,67333
113,Avataricard314,67334
114,Avataricard315,67335
115,Avataricard316,71510
116,Avataricard317,71511
117,Avataricard318,71512
118,Avataricard319,71513
119,Avataricard320,71514
120,Avataricard321,71515
121,Avataricard322,71516
122,Avataricard323,71517
123,Avataricard324,71518
124,Avataricard325,71519
125,Avataricard326,71520
126,Avataricard327,71521
127,Avataricard328,71522
128,Avataricard329,71523
129,Avataricard330,71524
130,Avataricard331,71525
131,Avataricard332,71526
132,Avataricard333,71527
133,Avataricard334,71528
134,Avataricard335,71529
135,Avataricard336,71530
136,Avataricard337,71531
137,Avataricard338,71532
138,Avataricard339,71533
139,Avataricard340,71534
140,Avataricard341,71535
141,Avataricard342,71536
142,Avataricard343,71537
143,Avataricard344,71538
144,Avataricard345,71539
145,Avataricard346,71540
146,Avataricard347,71541
147,Avataricard348,71542
148,Avataricard349,71543
149,Avataricard350,71544
150,Avataricard351,71545
151,Avataricard352,71546
152,Avataricard353,71547
153,Avataricard354,71548
154,Avataricard355,71549
155,Avataricard356,71550
156,Avataricard357,71551
157,Avataricard358,71552
158,Avataricard359,71553
159,Avataricard360,71554
160,Avataricard361,71555
161,Avataricard362,71556
162,Avataricard363,71557
163,Avataricard364,71558
164,Avataricard365,71559
165,Avataricard366,71560
166,Avataricard367,71561
167,Avataricard368,71562
168,Avataricard369,71563
169,Avataricard370,71564
170,Avataricard371,71565
171,Avataricard372,71566
172,Avataricard373,71567
173,Avataricard374,71568
174,Avataricard375,71569
175,Avataricard376,71570
176,Avataricard377,71571
177,Avataricard378,71572
178,Avataricard379,71573
179,Avataricard380,71574
180,Avataricard381,71575
181,Avataricard382,71576
182,Avataricard383,71577
183,Avataricard384,71578
184,Avataricard385,71579
185,Avataricard386,71580
186,Avataricard387,71581
187,Avataricard388,71582
188,Avataricard389,71583
189,Avataricard390,71584
190,Avataricard391,71585
191,Avataricard392,71586
192,Avataricard393,71587
193,Avataricard394,71588
194,Avataricard395,71589
195,Avataricard396,71590
196,Avataricard397,71591
197,Avataricard398,71592
198,Avataricard399,71593
199,Avataricard400,71594
200,Avataricard401,71595
201,Avataricard402,71596
202,Avataricard403,71597
203,Avataricard404,71598
204,Avataricard405,71599
205,Avataricard406,71600
206,Avataricard407,71601
207,Avataricard408,71602
208,Avataricard409,71603
209,Avataricard410,71604
210,Avataricard411,71605
211,Avataricard412,71606
212,Avataricard413,71607
213,Avataricard414,71608
214,Avataricard415,71609
215,Avataricard416,71610
216,Avataricard417,71611
217,Avataricard418,71612
218,Avataricard419,71613
219,Avataricard420,71614
220,Avataricard421,71615
221,Avataricard422,71616
222,Avataricard423,71617
223,Avataricard424,71618
224,Avataricard425,71619
225,Avataricard426,71620
226,Avataricard427,71621
227,Avataricard428,71622
228,Avataricard429,71623
229,Avataricard430,71624
230,Avataricard431,71625
231,Avataricard432,71626
232,Avataricard433,71627
233,Avataricard434,71628
234,Avataricard435,71629
235,Avataricard436,71630
236,Avataricard437,71631
237,Avataricard438,71632
238,Avataricard439,71633
239,Avataricard440,71634
240,Avataricard441,71635
241,Avataricard442,71636
242,Avataricard443,71637
243,Avataricard444,71638
244,Avataricard445,71639
245,Avataricard446,71640
246,Avataricard447,71641
247,Avataricard448,71642
248,Avataricard449,71643
249,Avataricard450,71644
250,Avataricard451,71645
251,Avataricard452,71646
252,Avataricard453,71647
253,Avataricard454,71648
254,Avataricard455,71649
255,Avataricard456,71650
256,Avataricard457,71651
257,Avataricard458,71652
258,Avataricard459,71653
259,Avataricard460,71654
260,Avataricard461,71655
261,Avataricard462,71656
262,Avataricard463,71657
263,Avataricard464,71658
264,Avataricard465,71659
265,Avataricard466,71660
266,Avataricard467,71661
267,Avataricard468,71662
268,Avataricard469,71663
269,Avataricard470,71664
270,Avataricard471,71665
271,Avataricard472,71666
272,Avataricard473,71667
273,Avataricard474,71668
274,Avataricard475,71669
275,Avataricard476,71670
276,Avataricard477,71671
277,Avataricard478,71672
278,Avataricard479,71673
279,Avataricard480,71674
280,Avataricard481,71675
281,Avataricard482,71676
282,Avataricard483,71677
283,Avataricard484,71678
284,Avataricard485,71679
285,Avataricard486,71680
286,Avataricard487,71681
287,Avataricard488,71682
288,Avataricard489,71683
289,Avataricard490,71684
290,Avataricard491,71685
291,Avataricard492,71686
292,Avataricard493,71687
293,Avataricard494,71688
294,Avataricard495,71689
295,Avataricard496,71690
296,Avataricard497,71691
297,Avataricard498,71692
298,Avataricard499,71693
299,Avataricard500,71694
300,Avataricard501,71695
301,Avataricard502,71696
302,Avataricard503,71697
303,Avataricard504,71698
304,Avataricard505,71699
305,Avataricard506,71700
306,Avataricard507,71701
307,Avataricard508,71702
308,Avataricard509,71703
309,Avataricard510,71704
310,Avataricard511,71705
311,Avataricard512,71706
312,Avataricard513,71707
313,Avataricard514,71708
314,Avataricard515,71709
315,Avataricard516,71710
316,Avataricard517,71711
317,Avataricard518,71712
318,Avataricard519,71713
319,Avataricard520,71714
320,Avataricard521,71715
321,Avataricard522,71716
322,Avataricard523,71717
323,Avataricard524,71718
324,Avataricard525,71719
325,Avataricard526,71720
326,Avataricard527,71721
327,Avataricard528,71722
328,Avataricard529,71723
329,Avataricard530,71724
330,Avataricard531,71725
331,Avataricard532,71726
332,Avataricard533,71727
333,Avataricard534,71728
334,Avataricard535,71729
335,Avataricard536,71730
336,Avataricard537,71731
337,Avataricard538,71732
338,Avataricard539,71733
339,Avataricard540,71734
340,Avataricard541,71735
341,Avataricard542,71736
342,Avataricard543,71737
343,Avataricard544,71738
344,Avataricard545,71739
345,Avataricard546,71740
346,Avataricard547,71741
347,Avataricard548,71742
348,Avataricard549,71743
349,Avataricard550,71744
350,Avataricard551,71745
351,Avataricard552,71746
352,Avataricard553,71747
353,Avataricard554,71748
354,Avataricard555,71749
355,Avataricard556,71750
356,Avataricard557,71751
357,Avataricard558,71752
358,Avataricard559,71753
359,Avataricard560,71754
360,Avataricard561,71755
361,Avataricard562,71756
362,Avataricard563,71757
363,Avataricard564,71758
364,Avataricard565,71759
365,Avataricard566,71760
366,Avataricard567,71761
367,Avataricard568,71762
368,Avataricard569,71763
369,Avataricard570,71764
370,Avataricard571,71765
371,Avataricard572,71766
372,Avataricard573,71767
373,Avataricard574,71768
374,Avataricard575,71769
375,Avataricard576,71770
376,Avataricard577,71771
377,Avataricard578,71772
378,Avataricard579,71773
379,Avataricard580,71774
380,Avataricard581,71775
381,Avataricard582,71776
382,Avataricard583,71777
383,Avataricard584,71778
384,Avataricard585,71779
385,Avataricard586,71780
386,Avataricard587,71781
387,Avataricard588,71782
388,Avataricard589,71783
389,Avataricard590,71784
390,Avataricard591,71785
391,Avataricard592,71786
392,Avataricard593,71787
393,Avataricard594,71788
394,Avataricard595,71789
395,Avataricard596,91344
396,Avataricard597,91345
397,Avataricard598,91346
398,Avataricard599,91347
399,Avataricard600,91348
400,Avataricard601,91349
401,Avataricard602,91350
402,Avataricard603,91351
403,Avataricard604,91352
404,Avataricard605,91353
405,Avataricard606,91354
406,Avataricard607,91355
407,Avataricard608,91356
408,Avataricard609,91357
409,Avataricard610,91358
410,Avataricard611,91359
411,Avataricard612,91360
412,Avataricard613,91361
413,Avataricard614,91362
414,Avataricard615,91363
415,Avataricard616,91364
416,Avataricard617,91365
417,Avataricard618,91366
418,Avataricard619,91367
419,Avataricard620,91368
420,Avataricard621,91369
421,Avataricard622,91370
422,Avataricard623,91371
423,Avataricard624,91372
424,Avataricard625,91373
425,Avataricard626,91374
426,Avataricard627,91375
427,Avataricard628,91376
428,Avataricard629,91377
429,Avataricard630,91378
430,Avataricard631,91379
431,Avataricard632,91380
432,Avataricard633,91381
433,Avataricard634,91382
434,Avataricard635,91383
435,Avataricard636,91384
436,Avataricard637,91385
437,Avataricard638,91386
438,Avataricard639,91387
439,Avataricard640,91388
440,Avataricard641,91389
441,Avataricard642,91390
442,Avataricard643,91391
443,Avataricard644,91392
444,Avataricard645,91393
445,Avataricard646,91394
446,Avataricard647,91395
447,Avataricard648,91396
448,Avataricard649,91397
449,Avataricard650,91398
450,Avataricard651,91399
451,Avataricard652,91400
452,Avataricard653,91401
453,Avataricard654,91402
454,Avataricard655,91403
455,Avataricard656,91404
456,Avataricard657,91405
457,Avataricard658,91406
458,Avataricard659,91407
459,Avataricard660,91408
460,Avataricard661,91409
461,Avataricard662,91410
462,Avataricard663,91411
463,Avataricard664,91412
464,Avataricard665,91413
465,Avataricard666,91414
466,Avataricard667,91415
467,Avataricard668,91416
468,Avataricard669,91417
469,Avataricard670,91418
470,Avataricard671,91419
471,Avataricard672,91420
472,Avataricard673,91421
473,Avataricard674,91422
474,Avataricard675,91423
475,Avataricard676,91424
476,Avataricard677,91425
477,Avataricard678,91426
478,Avataricard679,91427
479,Avataricard680,91428
480,Avataricard681,91429
481,Avataricard682,91430
482,Avataricard683,91431
483,Avataricard684,91432
484,Avataricard685,91433
485,Avataricard686,91434
486,Avataricard687,91435
487,Avataricard688,91436
488,Avataricard689,91437
489,Avataricard690,91438
490,Avataricard691,91439
491,Avataricard692,91440
492,Avataricard693,91441
493,Avataricard694,91442
494,Avataricard695,91443
495,Avataricard696,91444
496,Avataricard697,91445
497,Avataricard698,91446
498,Avataricard699,91447
499,Avataricard700,91448
500,Avataricard701,91449
501,Avataricard702,91450
502,Avataricard703,91451
503,Avataricard704,91452
504,Avataricard705,91453
505,Avataricard706,91454
506,Avataricard707,91455
507,Avataricard708,91456
508,Avataricard709,91457
509,Avataricard710,91458
510,Avataricard711,91459
511,Avataricard712,91460
512,Avataricard713,91461
513,Avataricard714,91462
514,Avataricard715,91463
515,Avataricard716,91464
516,Avataricard717,91465
517,Avataricard718,91466
518,Avataricard719,91467
519,Avataricard720,91468
520,Avataricard721,91469
521,Avataricard722,91470
522,Avataricard723,91471
523,Avataricard724,91472
524,Avataricard725,91473
525,Avataricard726,91474
526,Avataricard727,91475
527,Avataricard728,91476
528,Avataricard729,91477
529,Avataricard730,91478
530,Avataricard731,91479
531,Avataricard732,91480
532,Avataricard733,91481
533,Avataricard734,91482
534,Avataricard735,91483
535,Avataricard736,91484
536,Avataricard737,91485
537,Avataricard738,91486
538,Avataricard739,91487
539,Avataricard740,91488
540,Avataricard741,91489
541,Avataricard742,91490
542,Avataricard743,91491
543,Avataricard744,91492
544,Avataricard745,91493
545,Avataricard746,91494
546,Avataricard747,91495
547,Avataricard748,91496
548,Avataricard749,91497
549,Avataricard750,91498
550,Avataricard751,91499
551,Avataricard752,91500
552,Avataricard753,91501
553,Avataricard754,91502
554,Avataricard755,91503
555,Avataricard756,91504
556,Avataricard757,91505
557,Avataricard758,91506
558,Avataricard759,91507
559,Avataricard760,91508
560,Avataricard761,91509
561,Avataricard762,91510
562,Avataricard763,91511
563,Avataricard764,91512
564,Avataricard765,91513
565,Avataricard766,91514
566,Avataricard767,91515
567,Avataricard768,91516
568,Avataricard769,91517
569,Avataricard770,91518
570,Avataricard771,91519
571,Avataricard772,91520
572,Avataricard773,91521
573,Avataricard774,91522
574,Avataricard775,91523
575,Avataricard776,91524
576,Avataricard777,91525
577,Avataricard778,91526
578,Avataricard779,91527
579,Avataricard780,91528
580,Avataricard781,91529
581,Avataricard782,91530
582,Avataricard783,91531
583,Avataricard784,91532
584,Avataricard785,91533
585,Avataricard786,91534
586,Avataricard787,91535
587,Avataricard788,91536
588,Avataricard789,91537
589,Avataricard790,91538
590,Avataricard791,91539
591,Avataricard792,91540
592,Avataricard793,91541
593,Avataricard794,91542
594,Avataricard795,91543
595,Avataricard796,91544
596,Avataricard797,91545
597,Avataricard798,91546
598,Avataricard799,91547
599,Avataricard800,91548
600,Avataricard801,91549
601,Avataricard802,91550
602,Avataricard803,91551
603,Avataricard804,91552
604,Avataricard805,91553
605,Avataricard806,91554
606,Avataricard807,91555
607,Avataricard808,91556
608,Avataricard809,91557
609,Avataricard810,91558
610,Avataricard811,91559
611,Avataricard812,91560
612,Avataricard813,91561
613,Avataricard814,91562
614,Avataricard815,91563
615,Avataricard816,91564
616,Avataricard817,91565
617,Avataricard818,91566
618,Avataricard819,91567
619,Avataricard820,91568
620,Avataricard821,91569
621,Avataricard822,91570
622,Avataricard823,91571
623,Avataricard824,91572
624,Avataricard825,91573
625,Avataricard826,91574
626,Avataricard827,91575
627,Avataricard828,91576
628,Avataricard829,91577
629,Avataricard830,91578
630,Avataricard831,91579
631,Avataricard832,91580
632,Avataricard833,91581
633,Avataricard834,91582
634,Avataricard835,91583
635,Avataricard836,91584
636,Avataricard837,91585
637,Avataricard838,91586
638,Avataricard839,91587
639,Avataricard840,91588
640,Avataricard841,91589
641,Avataricard842,91590
642,Avataricard843,91591
643,Avataricard844,91592
644,Avataricard845,91593
645,Avataricard846,91594
646,Avataricard847,91595
647,Avataricard848,91596
648,Avataricard849,91597
649,Avataricard850,91598
650,Avataricard851,91599
651,Avataricard852,91600
652,Avataricard853,91601
653,Avataricard854,91602
654,Avataricard855,91603
655,Avataricard856,91604
656,Avataricard857,91605
657,Avataricard858,91606
658,Avataricard859,91607
659,Avataricard860,91608
660,Avataricard861,91609
661,Avataricard862,91610
662,Avataricard863,91611
663,Avataricard864,91612
664,Avataricard865,91613
665,Avataricard866,91614
666,Avataricard867,91615
667,Avataricard868,91616
668,Avataricard869,91617
669,Avataricard870,91618
670,Avataricard871,91619
671,Avataricard872,91620
672,Avataricard873,91621
673,Avataricard874,91622
674,Avataricard875,91623
675,Avataricard876,91624
676,Avataricard877,91625
677,Avataricard878,91626
678,Avataricard879,91627
679,Avataricard880,91628
680,Avataricard881,91629
681,Avataricard882,91630
682,Avataricard883,91631
683,Avataricard884,91632
684,Avataricard885,91633
685,Avataricard886,91634
686,Avataricard887,91635
687,Avataricard888,91636
688,Avataricard889,91637
689,Avataricard890,91638
690,Avataricard891,91639
691,Avataricard892,91640
692,Avataricard893,91641
693,Avataricard894,91642
694,Avataricard895,91643
695,Avataricard896,91644
696,Avataricard897,91645
697,Avataricard898,91646
698,Avataricard899,91647
699,Avataricard900,91648
700,Avataricard901,91649
701,Avataricard902,91650
702,Avataricard903,91651
703,Avataricard904,91652
704,Avataricard905,91653
705,Avataricard906,91654
706,Avataricard907,91655
707,Avataricard908,91656
708,Avataricard909,91657
709,Avataricard910,91658
710,Avataricard911,91659
711,Avataricard912,91660
712,Avataricard913,91661
713,Avataricard914,91662
714,Avataricard915,91663
715,Avataricard916,91664
716,Avataricard917,91665
717,Avataricard918,91666
718,Avataricard919,91667
719,Avataricard920,91668
720,Avataricard921,91669
721,Avataricard922,91670
722,Avataricard923,91671
723,Avataricard924,91672
724,Avataricard925,91673
725,Avataricard926,91674
726,Avataricard927,91675
727,Avataricard928,91676
728,Avataricard929,91677
729,Avataricard930,91678
730,Avataricard931,91679
731,Avataricard932,91680
732,Avataricard933,91681
733,Avataricard934,91682
734,Avataricard935,91683
735,Avataricard936,91684
736,Avataricard937,91685
737,Avataricard938,91686
738,Avataricard939,91687
739,Avataricard940,91688
740,Avataricard941,91689
741,Avataricard942,91690
742,Avataricard943,91691
743,Avataricard944,91692
744,Avataricard945,91693
745,Avataricard946,91694
746,Avataricard947,91695
747,Avataricard948,91696
748,Avataricard949,91697
749,Avataricard950,91698
750,Avataricard951,91699
751,Avataricard952,91700
752,Avataricard953,91701
753,Avataricard954,91702
754,Avataricard955,91703
755,Avataricard956,91704
756,Avataricard957,91705
757,Avataricard958,91706
758,Avataricard959,91707
759,Avataricard960,91708
760,Avataricard961,91709
761,Avataricard962,91710
762,Avataricard963,91711
763,Avataricard964,91712
764,Avataricard965,91713
765,Avataricard966,91714
766,Avataricard967,91715
767,Avataricard968,91716
768,Avataricard969,91717
769,Avataricard970,91718
770,Avataricard971,91719
771,Avataricard972,91720
772,Avataricard973,91721
773,Avataricard974,91722
774,Avataricard975,91723
775,Avataricard976,91724
776,Avataricard977,91725
777,Avataricard978,91726
778,Avataricard979,91727
779,Avataricard980,91728
780,Avataricard981,91729
781,Avataricard982,91730
782,Avataricard983,91731
783,Avataricard984,91732
784,Avataricard985,91733
785,Avataricard986,91734
786,Avataricard987,91735
787,Avataricard988,91736
788,Avataricard989,91737
789,Avataricard990,91738
790,Avataricard991,91739
791,Avataricard992,91740
792,Avataricard993,91741
793,Avataricard994,91742
794,Avataricard995,91743
795,Avataricard996,91744
796,Avataricard997,91745
797,Avataricard998,91746
798,Avataricard999,91747
799,Avataricard1000,91748
800,Avataricard1001,91749
801,Avataricard1002,91750
802,Avataricard1003,91751
803,Avataricard1004,91752
804,Avataricard1005,91753
805,Avataricard1006,91754
806,Avataricard1007,91755
807,Avataricard1008,91756
808,Avataricard1009,91757
809,Avataricard1010,91758
810,Avataricard1011,91759
811,Avataricard1012,91760
812,Avataricard1013,91761
813,Avataricard1014,91762
814,Avataricard1015,91763
815,Avataricard1016,91764
816,Avataricard1017,91765
817,Avataricard1018,91766
818,Avataricard1019,91767
819,Avataricard1020,91768
820,Avataricard1021,91769
821,Avataricard1022,91770
822,Avataricard1023,91771
823,Avataricard1024,91772
824,Avataricard1025,91773
825,Avataricard1026,91774
826,Avataricard1027,91775
827,Avataricard1028,91776
828,Avataricard1029,91777
829,Avataricard1030,91778
830,Avataricard1031,91779
831,Avataricard1032,91780
832,Avataricard1033,91781
833,Avataricard1034,91782
834,Avataricard1035,91783
835,Avataricard1036,91784
836,Avataricard1037,91785
837,Avataricard1038,91786
838,Avataricard1039,91787
839,Avataricard1040,91788
840,Avataricard1041,91789
841,Avataricard1042,91790
842,Avataricard1043,91791
843,Avataricard1044,91792
844,Avataricard1045,91793
845,Avataricard1046,123589
846,Avataricard1047,123590
847,Avataricard1048,123591
848,Avataricard1049,123592
849,Avataricard1050,123593
850,Avataricard1051,123594
851,Avataricard1052,123595
852,Avataricard1053,123596
853,Avataricard1054,123597
854,Avataricard1055,123598
855,Avataricard1056,123599
856,Avataricard1057,123600
857,Avataricard1058,123601
858,Avataricard1059,123602
859,Avataricard1060,123603
860,Avataricard1061,123604
861,Avataricard1062,123605
862,Avataricard1063,123606
863,Avataricard1064,123607
864,Avataricard1065,123608
865,Avataricard1066,123609
866,Avataricard1067,123610
867,Avataricard1068,123611
868,Avataricard1069,123612
869,Avataricard1070,123613
870,Avataricard1071,123614
871,Avataricard1072,123615
872,Avataricard1073,123616
873,Avataricard1074,123617
874,Avataricard1075,123618
875,Avataricard1076,123619
876,Avataricard1077,123620
877,Avataricard1078,123621
878,Avataricard1079,123622
879,Avataricard1080,123623
880,Avataricard1081,123624
881,Avataricard1082,123625
882,Avataricard1083,123626
883,Avataricard1084,123627
884,Avataricard1085,123628
885,Avataricard1086,123629
886,Avataricard1087,123630
887,Avataricard1088,123631
888,Avataricard1089,123632
889,Avataricard1090,123633
890,Avataricard1091,123634
891,Avataricard1092,123635
892,Avataricard1093,123636
893,Avataricard1094,123637
894,Avataricard1095,123638
895,Avataricard1096,123639
896,Avataricard1097,123640
897,Avataricard1098,123641
898,Avataricard1099,123642
899,Avataricard1100,123643
900,Avataricard1101,123644
901,Avataricard1102,123645
902,Avataricard1103,123646
903,Avataricard1104,123647
904,Avataricard1105,123648
905,Avataricard1106,201067
906,Avataricard1107,201068
907,Avataricard1108,201069
908,Avataricard1109,201070
909,Avataricard1110,201071
910,Avataricard1111,201072
911,Avataricard1112,201073
912,Avataricard1113,201074
913,Avataricard1114,201075
914,Avataricard1115,201076
915,Avataricard1116,201077
916,Avataricard1117,201078
917,Avataricard1118,201079
918,Avataricard1119,201080
919,Avataricard1120,201081
920,Avataricard1121,201082
921,Avataricard1122,201083
922,Avataricard1123,201084
923,Avataricard1124,201085
924,Avataricard1125,201086
925,Avataricard1126,201087
926,Avataricard1127,201088
927,Avataricard1128,201089
928,Avataricard1129,201090
929,Avataricard1130,201091
930,Avataricard1131,201092
931,Avataricard1132,201093
932,Avataricard1133,201094
933,Avataricard1134,201095
934,Avataricard1135,201096
935,Avataricard1136,201097
936,Avataricard1137,201098
937,Avataricard1138,201099
938,Avataricard1139,201100
939,Avataricard1140,201101
940,Avataricard1141,201102
941,Avataricard1142,201103
942,Avataricard1143,201104
943,Avataricard1144,201105
944,Avataricard1145,201106
945,Avataricard1146,201107
946,Avataricard1147,201108
947,Avataricard1148,201109
948,Avataricard1149,201110
949,Avataricard1150,201111
950,Avataricard1151,201112
951,Avataricard1152,201113
952,Avataricard1153,201114
953,Avataricard1154,201115
954,Avataricard1155,201116
